Vendor Name,Last 12 months Cost (USD),Department,Vendor Description,Strategic Recommendation
Salesforce Uk Ltd-Uk,"$3,117,226",Sales,Enterprise CRM platform for sales automation and customer relationship management,Optimize
Navan (Tripactions Inc),"$357,984",G&A,Corporate travel and expense management platform,Consolidate
Bdo Llp,"$343,081",Finance,Global accounting and audit professional services firm,Consolidate
Tog Uk Properties Limited,"$263,821",G&A,Commercial office space and real estate provider,Consolidate
Cloudcrossing Bvba,"$208,675",Engineering,Cloud infrastructure and technology services provider,Optimize
Zagrebtower D.O.O.,"$183,754",G&A,Commercial office building and workspace provider in Zagreb,Consolidate
Innovent Spaces Private Limited,"$147,348",G&A,Flexible workspace and office solutions provider in India,Consolidate
Weking D.O.O.,"$144,093",G&A,Commercial property management and workspace provider,Consolidate
Jensten Insurance Brokers,"$142,700",Finance,Commercial insurance brokerage services,Optimize
Gpt Space & Co,"$133,507",G&A,Office space and commercial real estate provider,Consolidate
Aetna Life And Casualty Ltd,"$124,661",HR,Employee health insurance and benefits provider,Optimize
Rsm Uk Corporate Finance Llp,"$117,078",Finance,Corporate finance advisory and M&A services,Optimize
Amazon Web Services Llc,"$106,399",Engineering,Cloud computing infrastructure and platform services,Consolidate
Telefonica Global Services Gmbh,"$89,880",Engineering,Global telecommunications and connectivity services,Consolidate
Hr Solution International Gmbh,"$80,823",HR,HR consulting and workforce management services,Optimize
4I Advisory Services,"$71,860",Finance,Financial advisory and consulting services,Consolidate
Bisley Law Ltd,"$67,414",Legal,Corporate and commercial legal services firm,Optimize
Infosys,"$66,570",Engineering,IT consulting and software development services,Optimize
Big Frontier Pty Ltd (Cult Of Monday),"$66,131",Marketing,Creative agency and brand marketing services,Optimize
Harmonic Group Limited,"$65,418",Finance,Financial services and investment advisory,Consolidate
Wework Singapore Pte. Ltd.,"$64,373",G&A,Flexible coworking space and office solutions,Consolidate
Cloud Technology Solutions Ltd,"$60,661",Engineering,Cloud consulting and Google Cloud implementation partner,Consolidate
Navan, Inc,"$57,929",G&A,Corporate travel booking and expense management (duplicate entity),Consolidate
Tmforum,"$57,560",Engineering,Telecom industry association and standards organization,Optimize
Linkedin Ireland Limited,"$55,573",HR,Professional networking and recruitment platform,Optimize
Kimble Applications Ltd,"$52,825",Finance,Professional services automation and PSA software,Optimize
Sage Uk Limited,"$46,895",Finance,Accounting and financial management software,Consolidate
Grant Thornton,"$46,539",Finance,Audit accounting and advisory professional services,Consolidate
SveuäIliå¡Te U Zagrebu Studentski Centar,"$44,299",G&A,University student center venue and event space in Zagreb,Optimize
Ss&C Intralinks Inc,"$39,966",Finance,Virtual data room and secure document sharing for M&A,Optimize
Veniture D.O.O.,"$39,342",Engineering,Software development and IT services company,Optimize
Accutrainee Limited,"$38,841",Legal,Legal training and paralegal staffing services,Optimize
Mason Frank International Ltd,"$38,148",HR,Salesforce recruitment and staffing agency,Consolidate
Houlihan Lokey Advisors Llc,"$37,461",Finance,Investment banking and financial advisory services,Optimize
Vector Capital Management Lp,"$32,427",Finance,Private equity and investment management firm,Terminate
Hubspot Ireland Limited,"$32,187",Marketing,Marketing automation and CRM platform,Consolidate
Nefron - Obrt Za Poslovne Usluge,"$30,614",G&A,Business services and administrative support provider,Optimize
Planful, Inc.,"$27,741",Finance,Financial planning and analysis (FP&A) software platform,Optimize
Cognism Limited,"$27,013",Sales,B2B sales intelligence and lead generation platform,Consolidate
Uberflip,"$26,091",Marketing,Content experience and marketing platform,Terminate
Agram Life Osiguranje D.O.O.,"$24,952",HR,Life insurance provider for employee benefits,Consolidate
Google Ireland Limited,"$24,798",Engineering,Cloud services advertising and productivity tools,Optimize
Zuric I Partneri Odvjetnicko Drustvo D.O.O.,"$24,135",Legal,Croatian law firm for corporate legal services,Optimize
Care Health Insurance Company Limited,"$24,045",HR,Employee health insurance provider,Consolidate
New Star Networks(Nsn),"$23,887",Engineering,Network infrastructure and IT services,Consolidate
Bupa- Supplier,"$22,800",HR,International health insurance and benefits provider,Consolidate
Shree Info System Solutions Pvt Ltd,"$22,275",Engineering,IT solutions and software development services,Optimize
Technet It Recruitment,"$21,952",HR,IT staffing and technical recruitment agency,Consolidate
Mightyhive Ltd,"$19,042",Marketing,Programmatic advertising and marketing analytics,Terminate
Cedar Recruitment Ltd,"$18,537",HR,Recruitment and staffing agency,Consolidate
Eurofast International Ltd-Greec,"$18,164",Finance,International tax and accounting consulting,Optimize
Hrvatski Telekom D.D.,"$18,084",Engineering,Telecommunications and internet services in Croatia,Consolidate
Sodexo Svc India Private Limited,"$17,810",G&A,Food services and facilities management,Optimize
Peakon Aps,"$17,108",HR,Employee engagement and feedback platform,Optimize
Plus Your Business Ltd,"$17,074",Marketing,Digital marketing and SEO services,Terminate
Smart Group Services D.O.O.,"$16,438",G&A,Business process outsourcing and support services,Optimize
Jones Lang Lasalle (Nsw) Pty Ltd,"$16,274",G&A,Commercial real estate and property management,Consolidate
Workato, Inc.,"$16,101",Engineering,Enterprise automation and integration platform,Optimize
Konzum Plus D.O.O.,"$15,684",G&A,Retail grocery and office supplies provider,Optimize
Westbrook Advisers,"$15,360",Finance,Financial advisory and consulting services,Consolidate
Work Easy Space Solutions Private Limited,"$14,913",G&A,Office space and coworking solutions in India,Consolidate
Taxstudio, Ltd.,"$14,642",Finance,Tax preparation and compliance services,Consolidate
Pingo D.O.O.,"$14,508",G&A,Facilities and office services provider,Optimize
Magazin Raunalni Sistemi D.O.O.,"$13,870",Engineering,Computer systems and IT equipment supplier,Optimize
Tp Prime D.O.O.,"$13,785",G&A,Business services and administrative support,Optimize
Granttree Limited,"$13,659",Finance,R&D tax credits and grant funding consultancy,Optimize
Cigna Sg,"$13,249",HR,Health insurance and employee benefits provider,Consolidate
Collards Chartered Accountants,"$12,879",Finance,Accounting and tax advisory services,Consolidate
Bupa Australia,"$12,463",HR,Health insurance provider in Australia,Consolidate
4I Management Consulting Private Limited,"$12,117",Finance,Management consulting and advisory services,Consolidate
Grad Zagreb Gradski Ured Za Prostorno Ureä'Enje,"$11,637",G&A,Zagreb city government - permits and urban planning,Optimize
Bijeli Pijesak Obrt Za Poslovno Savjetovanje,"$11,605",G&A,Business consulting and advisory services,Terminate
Ramiro D.O.O.,"$11,516",G&A,General business services provider,Optimize
Visalogic Limited,"$11,241",HR,Immigration and visa services for employees,Optimize
Poles Ltd - Hanbury Manor,"$10,488",G&A,Hotel and venue for corporate events,Optimize
Shoff Darby Companies,"$10,100",HR,Executive search and recruitment firm,Consolidate
Emerge Development Consultancy Ltd,"$10,046",HR,Leadership development and training consultancy,Optimize
Performancepro,"$10,018",HR,Performance management software platform,Optimize
Microsoft Ireland Operations Limited,"$9,822",Engineering,Software licenses and cloud services (Microsoft 365 Azure),Optimize
Catering Muring,"$9,603",G&A,Corporate catering and food services,Consolidate
Omonia D.O.O.,"$9,559",G&A,Business services and office support provider,Optimize
Outreach Corporation,"$9,206",Sales,Sales engagement and automation platform,Consolidate
Cbre Limited,"$8,395",G&A,Commercial real estate services and property management,Consolidate
Studentski Centar - Split,"$8,269",G&A,Student center venue for events in Split,Consolidate
The Guardian,"$8,070",Marketing,News media advertising and recruitment ads,Terminate
Intertrust Singapore Corporate Services Pte Ltd - Csc,"$7,360",Finance,Corporate secretarial and trust services,Optimize
Goto Technologies Uk Limited,"$7,316",Engineering,Video conferencing and remote collaboration tools,Consolidate
Hrsolution International Ag,"$6,987",HR,HR consulting and international payroll services,Consolidate
Trello,"$6,674",Engineering,Project management and collaboration tool,Consolidate
Obrt Sjaj Sunca,"$6,596",G&A,Cleaning and facility maintenance services,Optimize
Telefã³Nica Compras Electrã³Nicas S.L.,"$6,157",Engineering,Telecommunications procurement services,Consolidate
Allianz Australia Workers' Compensation (Victoria) Limited,"$6,099",HR,Workers compensation insurance provider,Optimize
Icici Lombard Gic Ltd,"$5,972",HR,General insurance and employee coverage provider,Consolidate
Mosaic Concept D.O.O.,"$5,731",Marketing,Creative design and branding agency,Optimize
Limes Plus D.O.O.,"$5,624",G&A,Office supplies and business equipment provider,Optimize
Mercer Limited,"$5,444",HR,HR consulting and employee benefits advisory,Consolidate
Acclime Corporate Services,"$5,413",Finance,Corporate services and business registration,Consolidate
Green Commute Initiative,"$5,402",HR,Employee bicycle and green commute benefit scheme,Optimize
Tattu Manchester Limited,"$5,366",G&A,Restaurant for client entertainment and team events,Optimize
Athlete Service Ltd,"$5,285",HR,Employee wellness and fitness program provider,Terminate
Amazon Web Services Inc.,"$5,153",Engineering,Cloud computing services (duplicate AWS entity),Consolidate
Telemach Hrvatska D.O.O.,"$5,134",Engineering,Telecommunications and internet services provider,Consolidate
Acclime Usa, Inc,"$4,995",Finance,Corporate services and compliance in USA,Consolidate
Centar Za Sigurnost D.O.O.,"$4,991",G&A,Security services and workplace safety,Optimize
Profi Bar D.O.O.,"$4,917",G&A,Catering and bar services for corporate events,Consolidate
Pricewaterhousecoopers Llp,"$4,879",Finance,Big 4 accounting audit and consulting services,Consolidate
Pinnacle Partnership Ca,"$4,836",HR,Executive recruitment and staffing services,Consolidate
The Virtual Legal Counsel Ltd,"$4,800",Legal,Outsourced legal counsel and advisory services,Optimize
Australian Payroll Professionals Pty Ltd,"$4,399",Finance,Payroll processing and compliance services,Optimize
Inter Continental Chennai Mahabalipuram Resort,"$4,393",G&A,Hotel for corporate events and offsites in India,Optimize
Jetbrains S.R.O.,"$4,083",Engineering,Developer tools and IDE software licenses,Optimize
Pinsent Masons Mpillay Llp,"$4,078",Legal,International law firm for corporate matters,Consolidate
Calm Achiever(A Unit Of Mohsin Ali Vakil),"$4,071",HR,Corporate wellness and mindfulness programs,Terminate
Crowe Horwath Revizija D.O.O.,"$4,062",Finance,Audit and accounting services in Croatia,Consolidate
Puducherry Backwater Resort Private Limited,"$4,056",G&A,Resort venue for corporate offsites in India,Consolidate
Orionw Llc,"$4,025",Engineering,Software development and IT consulting,Optimize
Pluxee India Private Limited,"$3,994",HR,Employee benefits and meal voucher services,Optimize
Papertrail Inc,"$3,900",Engineering,Document audit trail and compliance software,Optimize
Sniper Systems And Solutions Private Limited,"$3,899",Engineering,IT systems and security solutions provider,Optimize
Oâ€™Donnell Salzano Lawyers,"$3,955",Legal,Law firm for corporate and employment matters,Consolidate
Adobe Systems Software,"$3,929",Engineering,Creative software and document management tools,Optimize
Trocadero (London) Hotel Ltd,"$3,868",G&A,Hotel for corporate accommodation and events,Consolidate
Common Desk, Llc,"$3,842",G&A,Coworking space and flexible office solutions,Consolidate
Apple Retail Uk Ltd,"$3,548",Engineering,Hardware and device purchases (iPhones MacBooks),Consolidate
Npm Inc,"$3,535",Engineering,JavaScript package registry and development tools,Optimize
Kryterion, Inc.,"$3,541",HR,Online testing and certification platform,Optimize
Hep Elektra D.O.O.,"$3,735",G&A,Electricity utility provider in Croatia,Optimize
Zivi Napitak D.O.O.,"$3,700",G&A,Beverage and refreshment services for office,Optimize
Gym4You D.O.O.,"$3,692",HR,Employee gym and fitness membership provider,Terminate
Aha! Labs Inc,"$3,689",Engineering,Product roadmap and project management software,Consolidate
Semrush Inc,"$3,730",Marketing,SEO and digital marketing analytics platform,Optimize
Golubica Parking D.O.O.,"$3,726",G&A,Parking services for office location,Optimize
Vodafone (Australian),"$3,672",Engineering,Mobile telecommunications services in Australia,Consolidate
Ikea Hrvatska D.O.O.,"$3,610",G&A,Office furniture and equipment supplier,Optimize
Orcola D.O.O.,"$3,545",G&A,Business services and office support,Optimize
Info Edge India Limited,"$3,536",HR,Job portal and recruitment advertising (Naukri),Consolidate
Grad Split,"$3,483",G&A,Split city government fees and permits,Optimize
T-Mobile,"$3,357",Engineering,Mobile telecommunications and wireless services,Consolidate
Akton D.O.O.,"$3,254",Engineering,IT services and software solutions provider,Optimize
Bureau Veritas Croatia D.O.O.,"$3,200",G&A,Quality certification and compliance auditing,Optimize
Cici Prudential Life Insurance Co. Ltd.,"$3,195",HR,Life insurance for employee benefits,Consolidate
Ncc Services Limited,"$3,036",G&A,Facilities management and office services,Optimize
Smartsheet Inc.,"$2,995",Engineering,Work management and collaboration platform,Consolidate
Good Game Global D.O.O.,"$2,954",G&A,Team building and corporate gaming events,Terminate
Garaå¾A Firule D.O.O.,"$2,930",G&A,Parking garage services in Split,Consolidate
Crossland,"$2,924",G&A,Business services and general supplies,Optimize
It London,"$2,838",Engineering,IT support and technology services,Consolidate
Terrapinn Holdings Ltd,"$2,838",Marketing,Business conference and event organizer,Optimize
Elemental Life Solutions Llp,"$2,807",HR,Employee wellness and health programs,Terminate
United Flow Ltd (The Goodness Project),"$2,744",HR,Corporate wellness and healthy snacks,Terminate
Mcburneys Charted Accountants,"$2,711",Finance,Accounting and bookkeeping services,Consolidate
Cleverland Winery Resort,"$2,663",G&A,Venue for corporate events and team offsites,Consolidate
Ag Grid Ltd,"$2,653",Engineering,JavaScript data grid component for developers,Optimize
Lusha,"$2,606",Sales,B2B contact data and sales prospecting tool,Consolidate
My Foodiverse Llp,"$2,489",G&A,Corporate food and catering services,Consolidate
4Imprint Direct Ltd,"$2,436",Marketing,Promotional products and branded merchandise,Optimize
City Pantry Ltd,"$2,419",G&A,Office catering and food delivery service,Consolidate
Stipe Piric,"$2,302",G&A,Individual contractor - business services,Optimize
Office Move London,"$2,293",G&A,Office relocation and moving services,Optimize
Pink Ribbon Shop,"$2,251",G&A,Charity merchandise and corporate gifts,Terminate
Starhub Ltd (Supplier),"$2,205",Engineering,Telecommunications services in Singapore,Consolidate
N S Shastri And Co,"$2,194",Finance,Accounting and tax advisory services in India,Consolidate
John Smith,"$2,163",G&A,Individual contractor - consulting services,Optimize
Fabiola Thistlewhaite,"$2,154",G&A,Individual contractor - consulting services,Optimize
Hp Inc Uk Limited,"$2,136",Engineering,Computer hardware and printing equipment,Consolidate
Cision Pr Newswire,"$2,110",Marketing,Press release distribution and PR services,Optimize
George Anchor,"$2,107",G&A,Individual contractor - business services,Optimize
Yoxel, Inc,"$2,044",Engineering,Technology and software solutions provider,Optimize
Grt Hotels And Resorts P Ltd,"$2,032",G&A,Hotel for corporate events in India,Consolidate
Apple Pty Ltd,"$2,031",Engineering,Apple hardware purchases in Australia,Consolidate
Slack Technologies Limited,"$1,989",Engineering,Team messaging and collaboration platform,Consolidate
G S Notary Public Limited,"$1,935",Legal,Notary services for legal documents,Optimize
Apple Distribution International Ltd,"$1,913",Engineering,Apple software and services distribution,Consolidate
Porezno Savjetniå¡Tvo Tuk D.O.O.,"$1,813",Finance,Tax advisory and consulting services,Consolidate
Susan Lee,"$1,762",G&A,Individual contractor - consulting services,Optimize
Ansar Madovic,"$1,732",G&A,Individual contractor - business services,Optimize
Radius Group, Inc,"$1,723",G&A,Business services and consulting,Optimize
Aquila Remete D.O.O.,"$1,706",G&A,Business services provider in Croatia,Optimize
Clime India Private Limited,"$1,678",Finance,Climate and sustainability consulting,Optimize
Golden Mean, Inc,"$1,659",G&A,Business consulting and advisory services,Terminate
Paint & Fun Vl. Martina Milkova Nikolova,"$1,654",G&A,Team building art and painting activities,Terminate
Carrington Communications,"$1,654",Marketing,PR and communications consulting,Optimize
Crayond Digital Private Limited,"$1,646",Engineering,Digital product development and design,Optimize
Studentski Centar Karlovac,"$1,549",G&A,Student center venue for events,Consolidate
Lajnap Comedy Booking D.O.O.,"$1,536",G&A,Corporate entertainment and comedy events,Terminate
British Telecommunications,"$1,493",Engineering,Telecommunications services in UK,Consolidate
Etm Concessions Ltd,"$1,419",G&A,Food concessions and catering services,Consolidate
Radisson Grt - Unit Of Hotels & Resorts Pvt Ltd,"$1,406",G&A,Hotel for corporate accommodation,Consolidate
Ariba Inc,"$1,363",Finance,Procurement and supply chain software (SAP),Optimize
Chamiers Recreation Club,"$1,338",G&A,Recreation club for corporate events,Terminate
Quadrant Law Llc,"$1,327",Legal,Legal services and corporate counsel,Consolidate
Docusign,"$1,308",Engineering,Electronic signature and contract management,Optimize
Inside Edge Novated Leasing,"$1,287",HR,Employee vehicle leasing benefit program,Optimize
Rhea D.O.O.,"$1,253",G&A,Business services provider in Croatia,Optimize
P S Recreation Club,"$1,219",G&A,Recreation club membership for team events,Terminate
Fastspring,"$1,179",Finance,E-commerce and subscription billing platform,Optimize
Dsv Solutions A/S,"$1,162",G&A,Logistics and shipping services,Optimize
Curzon Green Solicitors,"$1,158",Legal,Employment and corporate law services,Consolidate
Icare Nsw,"$1,150",HR,Workers compensation insurance in NSW Australia,Optimize
Thomas Mansfield Solicitors Limited,"$1,135",Legal,Immigration and employment law services,Consolidate
Amazon.Co.Uk,"$1,107",G&A,Office supplies and general procurement,Optimize
Backoffice Associates,"$1,080",Engineering,Data management and master data services,Optimize
Oladi D.O.O.,"$1,064",G&A,Business services provider,Optimize
Integrated Personnel Services,"$1,054",HR,Staffing and personnel management services,Consolidate
Mãœller Trgovina Zagreb D.O.O.,"$1,051",G&A,Retail store for office supplies,Optimize
Lunch Nutrition D.O.O.,"$1,012",G&A,Corporate lunch and meal services,Consolidate
Winmaxi Tours & Travels,"$1,001",G&A,Corporate travel and transportation,Consolidate
Digitalna Produkcija J.D.O.O.,$993,Marketing,Digital content and video production,Optimize
Computershare-Caboodle Technology Limited,$981,Finance,Share registry and equity plan administration,Optimize
Allianz Wa,$971,HR,Insurance provider in Western Australia,Consolidate
Trending Technology Services Gmbh,$961,Engineering,IT services and technology consulting,Consolidate
Godaddy.Com, Llc,$923,Engineering,Domain registration and web hosting services,Optimize
Time Out Group,$920,Marketing,Media advertising and event listings,Terminate
Raiffeisenbank Austria D.D.,$920,Finance,Banking services in Croatia,Optimize
Galop-Prijevoz D.O.O.,$908,G&A,Transportation and delivery services,Optimize
Lane Ip Limited,$851,Legal,Intellectual property and patent services,Optimize
Urbani Eventi D.O.O.,$851,G&A,Corporate event planning and management,Consolidate
Smashing Media Ag,$850,Engineering,Web development resources and conferences,Optimize
Epignosis Llc,$833,HR,Learning management system (TalentLMS),Optimize
Croatia Airlines,$832,G&A,Airline travel for business trips,Consolidate
Bb Football Scouting J.D.O.O.,$823,G&A,Sports entertainment and team building,Terminate
Boe Croatia D.O.O.,$814,G&A,Business services and equipment provider,Optimize
Potomac D.O.O.,$806,G&A,Business services provider,Optimize
President Hotel And Tower Co., Ltd,$803,G&A,Hotel for corporate accommodation,Consolidate
Friends Sports Club,$797,G&A,Sports club for team activities,Terminate
The Cycle Gap Adyar,$765,HR,Employee bicycle benefit program,Terminate
Apple - Amer,$764,Engineering,Apple hardware and services Americas,Consolidate
Klg - Kalra Legal Group,$681,Legal,Corporate legal services in India,Consolidate
Kilgannon & Partners Llp,$681,Legal,Employment and corporate law firm,Consolidate
Uk Postbox Limited,$670,G&A,Virtual mailbox and postal services,Optimize
Catering Iviä‡ D.O.O.,$669,G&A,Corporate catering services,Consolidate
Blink Events,$664,G&A,Corporate event management and planning,Consolidate
Grafo-Jan,$662,G&A,Printing and graphics services,Optimize
Mesa Verde,$662,G&A,Restaurant for corporate dining,Consolidate
Pixsy Inc,$613,Legal,Image copyright protection and licensing,Optimize
Dun & Bradstreet D.O.O.,$610,Finance,Business credit and data analytics,Optimize
Induslaw,$596,Legal,Corporate and M&A legal services in India,Consolidate
Trans-Agram Obrt Za Dostavu,$581,G&A,Delivery and courier services,Optimize
Landu Law Solicitors,$568,Legal,Immigration and visa legal services,Consolidate
Arena Center Zagreb D.O.O.,$567,G&A,Venue and event space in Zagreb,Consolidate
Obrt Za Ugostiteljstvo Mirakul,$565,G&A,Hospitality and catering services,Consolidate
Oakberry Jr D.O.O.,$535,G&A,Food and beverage services,Consolidate
Tau On-Line D.O.O.,$534,Engineering,Online services and web solutions,Optimize
Magic Mountain Saloon,$524,G&A,Venue for team social events,Terminate
Hotel Zonar,$523,G&A,Hotel for corporate accommodation,Consolidate
Roto Dinamic D.O.O.,$512,G&A,Printing and document services,Optimize
Tm Forum,$510,Engineering,Telecom industry standards membership (duplicate),Consolidate
Marvie Hotel - Krupa D.O.O.,$502,G&A,Hotel for corporate events in Croatia,Consolidate
Merchandise Ltd,$490,Marketing,Promotional merchandise and branded items,Consolidate
Yellow Submarine D.O.O.,$486,G&A,Food services and catering,Consolidate
Streamlinereforms Inc,$483,Engineering,Business process and workflow software,Optimize
Make And Grow Ltd,$483,Marketing,Growth marketing and consulting services,Terminate
Obiteljski Hoteli D.O.O.,$474,G&A,Hotel group for corporate accommodation,Consolidate
Rudan D.O.O.,$473,G&A,Business services provider in Croatia,Optimize
Entrio Tehnologije D.O.O.,$473,Engineering,Event technology and ticketing platform,Optimize
Vivat Fina Vina D.O.O.,$467,G&A,Wine and beverage for corporate events,Terminate
Figma, Inc.,$460,Engineering,Collaborative design and prototyping tool,Optimize
E-Disti D.O.O.,$458,Engineering,IT distribution and technology reseller,Optimize
Greencell Express Private Limited,$457,G&A,Courier and express delivery services,Optimize
Edwardian Pastoria Hotels Ltd (The Londoner),$433,G&A,Hotel for corporate stays in London,Consolidate
Tiganda J.D.O.O.,$432,G&A,Business services provider,Optimize
Franklin, Gringer & Cohen, P.C.,$427,Legal,Law firm for corporate matters,Consolidate
Blitz - Cinestar D.O.O.,$426,G&A,Cinema for corporate entertainment,Terminate
Lancefield Bus Service,$412,G&A,Transportation for corporate events,Optimize
Super Odrediå¡Te D.O.O.,$378,G&A,Travel and destination services,Terminate
Pmi Global Operations Center,$378,HR,Project management certification and training,Optimize
Student Packers & Movers,$371,G&A,Moving and relocation services,Optimize
Del Posto D.O.O.,$364,G&A,Restaurant and catering services,Consolidate
Inicijativa Centar Za Edukaciju,$358,HR,Education and training center,Optimize
Niva Transport J.D.O.O.,$358,G&A,Transportation and logistics services,Consolidate
Doctor Anywhere Operations Pte Ltd,$347,HR,Telemedicine and virtual healthcare,Optimize
Spar Hrvatska D.O.O.,$341,G&A,Retail store for office supplies,Optimize
Pepe'S Italian And Liquor,$339,G&A,Restaurant for team dining,Consolidate
Pluralsight, Llc,$318,HR,Online technology learning platform,Optimize
Maniax Melbourne Cbd,$315,G&A,Entertainment venue for team events,Terminate
Dnsimple,$312,Engineering,DNS management and domain services,Consolidate
Treci Posao D.O.O.,$307,HR,Job board and recruitment services,Consolidate
Gaucho Restaurants,$302,G&A,Restaurant for client entertainment,Consolidate
Formswift,$301,G&A,Online forms and document templates,Optimize
Safestore Ltd,$287,G&A,Storage and archive services,Optimize
Split Tech City,$284,Engineering,Tech community and networking in Split,Optimize
National Securities Depository Limited(Nsdl),$281,Finance,Securities depository services in India,Optimize
Adamma Info Services Private Limited,$273,Engineering,IT services and support provider,Consolidate
The Riding House Cafe,$265,G&A,Cafe for team lunches and meetings,Consolidate
Stillmark Zagreb D.O.O.,$263,G&A,Business services provider,Optimize
Lastpass Ireland Limited,$263,Engineering,Password management and security software,Consolidate
Taste Of Health,$259,G&A,Healthy food and catering services,Consolidate
Infodata,$241,Engineering,Data services and IT solutions,Consolidate
Amazon (Aus),$233,G&A,Office supplies and general procurement Australia,Consolidate
Regency Hampers Ltd,$248,G&A,Corporate gift hampers and merchandise,Terminate
The Plant Man,$235,G&A,Office plants and interior greenery,Optimize
Media Promo Plus D.O.O.,$226,Marketing,Media promotion and advertising services,Terminate
Expert-Ing D.O.O.,$225,Engineering,Engineering consulting and services,Optimize
Atlassian Pty Ltd,$224,Engineering,Software development tools (Jira Confluence),Consolidate
Djs For U,$220,G&A,DJ services for corporate events,Terminate
Freepik Company,$203,Marketing,Stock images and design resources,Optimize
Nastavni Zavod Za Javno Zdravstvo Dr. Andrija Å Tampar,$199,HR,Public health services and medical exams,Optimize
Rishi Events And Entainment,$198,G&A,Event entertainment services,Terminate
Kosmaz Technologies Croatia,$195,Engineering,Technology services and solutions,Consolidate
Dhl,$191,G&A,International shipping and courier,Consolidate
Hotel Laguna D.D.,$190,G&A,Hotel for corporate accommodation,Consolidate
Bigshare Services Private Limited,$188,Finance,Share transfer and registry services,Optimize
Zettanet,$183,Engineering,Network and IT infrastructure services,Consolidate
Hahn Air,$183,G&A,Airline ticketing and travel services,Consolidate
Vitality Works,$182,HR,Employee wellness programs,Terminate
Avoxi Inc,$178,Engineering,Cloud communications and VoIP services,Optimize
Zapier Inc.,$167,Engineering,Workflow automation and app integration,Consolidate
Solarwinds, Inc,$166,Engineering,IT infrastructure monitoring tools,Optimize
Xenon Savjetovanje D.O.O.,$164,Finance,Business consulting and advisory,Terminate
Floom Ltd,$162,G&A,Flower delivery for office and events,Terminate
Notino S.R.O.,$161,G&A,Cosmetics and personal care products,Terminate
Paint&Wine, Vl. Stevo Dosen,$159,G&A,Team building painting events,Terminate
Parcelforce Worldwide,$155,G&A,Parcel delivery and shipping services,Consolidate
Advena,$154,G&A,Business services provider,Optimize
Hrvatski Nezavisnici Izvoznici Softvera,$154,Engineering,Croatian software exporters association,Optimize
Monile J.D.O.O.,$152,G&A,Business services provider,Optimize
Puzzle Promotion J.D.O.O.,$143,Marketing,Promotional items and merchandise,Consolidate
ZagrebaäKi Holding D.O.O.,$143,G&A,Zagreb city services and utilities,Optimize
Event Ors,$143,G&A,Event planning and organization,Consolidate
Sportkart D.O.O.,$141,G&A,Sports and recreation activities,Terminate
Interaction Design Foundation, Inc,$138,HR,UX design education and training,Optimize
Escape Art D.O.O.,$133,G&A,Escape room team building activities,Terminate
Fero-Term,$131,G&A,Office supplies and equipment,Optimize
Ustanova Za Zdravstvenu Skrb P.P.,$131,HR,Healthcare services for employees,Optimize
Vistaprint,$130,Marketing,Business cards and printed materials,Optimize
Teb Poslovno Savjetovanje D.O.O.,$129,Finance,Business and tax consulting services,Consolidate
Illunis D.O.O.,$128,G&A,Lighting and office equipment,Optimize
The Cook Kitchen,$123,G&A,Catering and food preparation services,Consolidate
Australian Taxation Office (Ato),$123,Finance,Government tax authority payments,Optimize
Capitol Services,$120,Legal,Corporate legal and compliance services,Consolidate
Bonus Opinio D.O.O.,$120,HR,Employee rewards and recognition,Optimize
Dhl Express (Uk) Ltd,$119,G&A,Express courier services UK,Consolidate
Kat'S Kitchen D.O.O.,$119,G&A,Catering and food services,Consolidate
Soho Kitchen Ltd,$104,G&A,Kitchen and catering equipment,Consolidate
Fortis Trade J.D.O.O.,$95,G&A,Trading and business services,Optimize
Till Trade D.O.O.,$93,G&A,Business services and trading,Optimize
Pret A Manger,$92,G&A,Food and beverage for office,Consolidate
Axil Coffee Roasters,$89,G&A,Coffee supplies for office,Consolidate
Pepco Croatia D.O.O.,$89,G&A,Retail store for supplies,Optimize
Lemia D.O.O.,$88,G&A,Business services provider,Optimize
Retriever Llc,$88,Marketing,Media monitoring services,Optimize
Meluba Limited,$88,G&A,Business services provider,Optimize
London Waste Management,$86,G&A,Waste disposal and recycling services,Optimize
Hilton Garden Inn - Zagreb City Hotels D.O.O.,$82,G&A,Hotel for corporate accommodation,Consolidate
Lider Media D.O.O.,$80,Marketing,Business media and advertising,Terminate
Uptime Robot Service Provider Ltd,$78,Engineering,Website monitoring and uptime tracking,Optimize
Mithras Consultants,$77,Finance,Financial consulting services,Terminate
6Sense Insights Inc,$76,Sales,B2B predictive intelligence platform,Consolidate
Ico,$67,Legal,UK data protection registration fees,Optimize
Sportska Udruga Split,$66,G&A,Sports club membership,Terminate
Prezzee,$64,HR,Digital gift cards for employee rewards,Optimize
Inet Telecoms Ltd.,$63,Engineering,Telecommunications services,Consolidate
Wolt Enterprises Oy,$62,G&A,Food delivery service for office,Consolidate
Platinum Office D.O.O.,$62,G&A,Office furniture and supplies,Consolidate
Snappy Snaps,$59,G&A,Photo printing and services,Terminate
New Block D.O.O.,$56,G&A,Business services provider,Optimize
Cayman Islands Government,$56,Legal,Government registration and fees,Optimize
Officeworks,$56,G&A,Office supplies in Australia,Consolidate
Click Send Pty Ltd,$55,Marketing,SMS and communication marketing,Optimize
Kall Kwik Centre 565,$55,G&A,Printing and copying services,Consolidate
Shilton Hospitality Llp,$55,G&A,Hospitality and catering services,Consolidate
Axosoft Gitkraken,$54,Engineering,Git client and developer tools,Consolidate
Istra Wine,$53,G&A,Wine for corporate events,Terminate
Gophr,$52,G&A,Same-day courier delivery,Consolidate
Pan-Pek D.O.O.,$50,G&A,Bakery and food supplies,Consolidate
Uber *Eats,$50,G&A,Food delivery service,Consolidate
Fedex Express Uk Transportation Ltd,$47,G&A,Express shipping and courier UK,Consolidate
Garden City D.O.O.,$45,G&A,Landscaping and garden services,Terminate
Livingstone,$41,G&A,Business services provider,Optimize
Ekupi D.O.O.,$40,G&A,Online shopping and supplies,Optimize
Farmacia - Specijalizirana Prodavaonica D.O.O.,$36,G&A,Pharmacy and health supplies,Optimize
Cupcake Central (Life Is Sweet Bakery),$35,G&A,Bakery for team celebrations,Terminate
Post Office Ltd,$32,G&A,Postal and mailing services,Optimize
Currys Pc World,$30,Engineering,Electronics and computer equipment,Consolidate
Brodomerkur D.D.,$29,G&A,Hardware and supplies store,Optimize
Sport Vision D.O.O.,$26,G&A,Sports equipment and apparel,Terminate
Harissa D.O.O.,$21,G&A,Restaurant and food services,Consolidate
Specijalisticka Ordinacija Medicine Rada I Sporta Ina Kardos,$20,HR,Occupational health medical exams,Consolidate
Specijalisticka Ordinacija Medicine Rada Helena Blazic,$20,HR,Occupational health services,Consolidate
Ustanova Za Medicinu Rada I Sporta Dr. Novacki,$20,HR,Occupational medicine services,Consolidate
M&S Simply Food,$19,G&A,Food and refreshments for office,Consolidate
Bakemono Bakers Melbourne,$18,G&A,Bakery for team events,Consolidate
Coles,$18,G&A,Grocery and office supplies Australia,Consolidate
